,chr,variable,Mean in category,Overall mean,Sd in category,Overall sd,p-value,v-test,interpretation
0,Chr01,nb TE,4.540799,5.682653,1.54215,1.814893,<10-6,-40.77562,below average
1,Chr02,nb TE,6.537886,5.682653,1.507196,1.814893,<10-6,40.775604,above average
2,Chr01,Gene expression,499.42756,328.124978,11.904909,148.737319,<10-6,74.642295,above average
3,Chr02,Gene expression,199.82164,328.124978,12.077754,148.737319,<10-6,-74.642296,below average
