,variable,Eta2,p-value
0,nb_dupli,0.00752035882024361,7.740753812222879e-11
1,length,0.0009505279806777869,0.020941315885503697
